mirna_id	read_id	read_seq	read_num	dist
hsa-miR-151a-5p	3038	CTCGAGGAGCTCACAGTCTAGT	6	1
hsa-miR-151a-5p	3039	CTCGAGGAGCTCACAGTCTAGTA	4	2
hsa-miR-151a-5p	3040	CTCGAGGAGCTCACAGTCTAGTAA	2	3
hsa-miR-5701	3113	CTGATTGTCACGTTCTGATT	1	2
hsa-miR-17-3p	3115	CTGCAGTGAAGGCACTTGTAG	2	1
hsa-miR-17-3p	3116	CTGCAGTGAAGGCACTTGTAGC	1	2
hsa-miR-874-3p	3118	CTGCCCTGGCCCGAGGGACCGACT	1	2
hsa-let-7g-3p	3174	CTGTACAGGCCACTGCCTTGCA	1	1
hsa-miR-374a-3p	3198	CTTATCAGATTGTATTGTAATT	3	0
hsa-miR-30a-3p	3296	CTTTCAGTCGGATGTTTACA	1	3
hsa-miR-30a-3p	3297	CTTTCAGTCGGATGTTTACAA	1	3
hsa-miR-30a-3p	3298	CTTTCAGTCGGATGTTTACAGC	3	1
hsa-miR-30a-3p	3299	CTTTCAGTCGGATGTTTACAGCT	1	2
hsa-miR-30a-3p	3300	CTTTCAGTCGGATGTTTACAGT	2	2
hsa-miR-30a-3p	3301	CTTTCAGTCGGATGTTTACAGTT	1	3
hsa-miR-30a-3p	3302	CTTTCAGTCGGATGTTTGCA	1	2
hsa-miR-30a-3p	3303	CTTTCAGTCGGATGTTTGCAG	1	1
hsa-miR-30a-3p	3304	CTTTCAGTCGGATGTTTGCAGA	1	1
hsa-miR-30a-3p	3305	CTTTCAGTCGGATGTTTGCAGC	5	0
hsa-miR-30a-3p	3306	CTTTCAGTCGGATGTTTGCAGCA	1	1
hsa-miR-30a-3p	3307	CTTTCAGTCGGATGTTTGCAGT	1	1
hsa-miR-4516	3430	GAGAAGGGTCGGG	1	4
hsa-miR-3929	3465	GAGGCTGATGTGAGTAGACCACT	1	0
hsa-let-7a-5p	3469	GAGGTAGTAGGTTGTATAGTT	1	1
hsa-miR-3074-3p	3488	GATATCAGCTCAGTAGGCACCGA	1	1
hsa-miR-4707-5p	3570	GCCCCGGCGCGGGCGGGTTCTGGA	1	1
hsa-miR-1268a	3683	GCGGGCGTGGTGGTGGGGG	1	1
hsa-miR-4521	3701	GCTAAGGAAGTCCTGTGCTCAGTTT	2	3
hsa-miR-3182	3754	GCTTCTGTAGTGTAG	2	2
hsa-miR-3182	3755	GCTTCTGTAGTGTAGTG	1	1
