read_id	pre_id	start	cigar	seq	read_num	identity
5007	hsa-mir-22	64	11M	TGAAGAACTGT	1	1
5017	hsa-mir-5585	1	13M	TGAAGTAGCAGCT	2	0.9230769230769231
5025	hsa-mir-548ap	80	11M	TGACCTATAGA	1	0.9090909090909091
5033	hsa-mir-6718	39	11M	TGAGAGCCGTG	1	0.9090909090909091
5033	hsa-mir-6741	17	11M	TGAGAGCCGTG	1	0.9090909090909091
5049	hsa-mir-339	50	22M	TGAGCGCCTCGACGACAGAGCC	1	1
5064	hsa-mir-423	17	21M	TGAGGGGCAGAGAGCGAGACT	2	1
5065	hsa-mir-423	17	22M	TGAGGGGCAGAGAGCGAGACTT	1	1
5066	hsa-mir-423	17	24M	TGAGGGGCAGAGAGCGAGACTTTT	2	1
5067	hsa-let-7e	8	20M	TGAGGTAGGAGGTTGTATAG	1	1
5068	hsa-let-7e	8	21M	TGAGGTAGGAGGTTGTATAGT	1	1
5069	hsa-mir-98	22	23M	TGAGGTAGTAAGTTGTATTGTTA	2	0.9565217391304348
5070	hsa-let-7f-1	7	18M	TGAGGTAGTAGATTGTAT	1	1
5070	hsa-let-7f-2	8	18M	TGAGGTAGTAGATTGTAT	1	1
5071	hsa-let-7f-1	7	21M	TGAGGTAGTAGATTGTATAGT	22	1
5071	hsa-let-7f-2	8	21M	TGAGGTAGTAGATTGTATAGT	22	1
5072	hsa-let-7f-1	7	22M	TGAGGTAGTAGATTGTATAGTT	29	1
5072	hsa-let-7f-2	8	22M	TGAGGTAGTAGATTGTATAGTT	29	1
5073	hsa-let-7f-1	7	23M	TGAGGTAGTAGATTGTATAGTTA	2	0.9565217391304348
5073	hsa-let-7f-2	8	23M	TGAGGTAGTAGATTGTATAGTTA	2	0.9565217391304348
5074	hsa-let-7a-1	6	21M	TGAGGTAGTAGGTTGTATAGT	5	1
5074	hsa-let-7a-2	5	21M	TGAGGTAGTAGGTTGTATAGT	5	1
5074	hsa-let-7a-3	4	21M	TGAGGTAGTAGGTTGTATAGT	5	1
5075	hsa-let-7a-1	6	22M	TGAGGTAGTAGGTTGTATAGTT	10	1
5075	hsa-let-7a-2	5	22M	TGAGGTAGTAGGTTGTATAGTT	10	1
5075	hsa-let-7a-3	4	22M	TGAGGTAGTAGGTTGTATAGTT	10	1
5076	hsa-let-7a-1	6	23M	TGAGGTAGTAGGTTGTATAGTTA	3	0.9565217391304348
5076	hsa-let-7a-2	5	23M	TGAGGTAGTAGGTTGTATAGTTA	3	0.9565217391304348
5076	hsa-let-7a-3	4	23M	TGAGGTAGTAGGTTGTATAGTTA	3	0.9565217391304348
5077	hsa-let-7b	6	19M	TGAGGTAGTAGGTTGTGTG	1	1
5078	hsa-let-7b	6	20M	TGAGGTAGTAGGTTGTGTGG	1	1
5079	hsa-let-7b	6	21M	TGAGGTAGTAGGTTGTGTGGT	4	1
5080	hsa-let-7b	6	23M	TGAGGTAGTAGGTTGTGTGGTAA	1	0.9130434782608695
5081	hsa-let-7b	6	22M	TGAGGTAGTAGGTTGTGTGGTT	3	1
5082	hsa-let-7b	6	24M	TGAGGTAGTAGGTTGTGTGGTTTT	1	0.9583333333333334
5083	hsa-let-7g	5	19M	TGAGGTAGTAGTTTGTACA	1	1
5084	hsa-let-7g	5	21M	TGAGGTAGTAGTTTGTACAGT	4	1
5085	hsa-let-7g	5	22M	TGAGGTAGTAGTTTGTACAGTT	24	1
5086	hsa-let-7g	5	23M	TGAGGTAGTAGTTTGTACAGTTA	4	0.9565217391304348
5087	hsa-let-7g	5	23M	TGAGGTAGTAGTTTGTACAGTTT	1	1
5088	hsa-let-7i	6	20M	TGAGGTAGTAGTTTGTGCTG	4	1
5089	hsa-let-7i	6	21M	TGAGGTAGTAGTTTGTGCTGT	10	1
5090	hsa-let-7i	6	22M	TGAGGTAGTAGTTTGTGCTGTT	15	1
5091	hsa-let-7i	6	23M	TGAGGTAGTAGTTTGTGCTGTTA	18	0.9565217391304348
5092	hsa-let-7i	6	23M	TGAGGTAGTAGTTTGTGCTGTTC	1	0.9565217391304348
5093	hsa-let-7i	6	23M	TGAGGTAGTAGTTTGTGCTGTTT	4	0.9565217391304348
5099	hsa-mir-574	25	19M	TGAGTGTGTGTGTGTGAGT	1	1
5105	hsa-mir-410	24	13M	TGATGAGTTCTCT	1	0.9230769230769231
5107	hsa-mir-300	48	16M	TGATTATACAAGAGCA	1	0.9375
5112	hsa-mir-767	27	22M	TGCACCATGGTTGTCTGAGCAT	1	1
5113	hsa-mir-1227	48	12M	TGCAGAGCGGCC	1	0.9166666666666666
5141	hsa-mir-7-1	24	21M	TGGAAGACTAGTGATTTTGTT	2	1
5141	hsa-mir-7-2	32	21M	TGGAAGACTAGTGATTTTGTT	2	1
5141	hsa-mir-7-3	31	21M	TGGAAGACTAGTGATTTTGTT	2	1
5142	hsa-mir-7-1	24	22M	TGGAAGACTAGTGATTTTGTTG	2	1
5142	hsa-mir-7-2	32	22M	TGGAAGACTAGTGATTTTGTTG	2	1
5142	hsa-mir-7-3	31	22M	TGGAAGACTAGTGATTTTGTTG	2	1
5143	hsa-mir-7-1	24	23M	TGGAAGACTAGTGATTTTGTTGT	23	1
5143	hsa-mir-7-2	32	23M	TGGAAGACTAGTGATTTTGTTGT	23	1
5143	hsa-mir-7-3	31	23M	TGGAAGACTAGTGATTTTGTTGT	23	1
5144	hsa-mir-7-1	24	24M	TGGAAGACTAGTGATTTTGTTGTT	40	1
5144	hsa-mir-7-2	32	24M	TGGAAGACTAGTGATTTTGTTGTT	40	1
5144	hsa-mir-7-3	31	24M	TGGAAGACTAGTGATTTTGTTGTT	40	1
5145	hsa-mir-7-1	24	25M	TGGAAGACTAGTGATTTTGTTGTTA	1	0.96
5145	hsa-mir-7-2	32	25M	TGGAAGACTAGTGATTTTGTTGTTA	1	0.96
5145	hsa-mir-7-3	31	25M	TGGAAGACTAGTGATTTTGTTGTTA	1	0.96
5146	hsa-mir-194-2	33	11M	TGGAAGCGCCC	1	0.9090909090909091
5161	hsa-mir-185	15	18M	TGGAGAGAAAGGCAGTTC	1	1
5162	hsa-mir-185	15	22M	TGGAGAGAAAGGCAGTTCCTGA	2	1
5183	hsa-mir-24-1	44	21M	TGGCTCAGTTCAGCAGGAACA	1	1
5183	hsa-mir-24-2	50	21M	TGGCTCAGTTCAGCAGGAACA	1	1
5184	hsa-mir-24-1	44	22M	TGGCTCAGTTCAGCAGGAACAG	1	1
5184	hsa-mir-24-2	50	22M	TGGCTCAGTTCAGCAGGAACAG	1	1
5185	hsa-mir-24-1	44	23M	TGGCTCAGTTCAGCAGGAACAGA	1	0.9565217391304348
5185	hsa-mir-24-2	50	23M	TGGCTCAGTTCAGCAGGAACAGA	1	0.9565217391304348
5186	hsa-mir-24-1	44	23M	TGGCTCAGTTCAGCAGGAACAGT	5	0.9565217391304348
5186	hsa-mir-24-2	50	23M	TGGCTCAGTTCAGCAGGAACAGT	5	0.9565217391304348
5188	hsa-mir-1237	2	11M	TGGGAAGGCCC	1	0.9090909090909091
5188	hsa-mir-4493	8	11M	TGGGAAGGCCC	1	0.9090909090909091
5202	hsa-mir-4287	59	11M	TGGGGAGAACA	1	0.9090909090909091
5203	hsa-mir-4287	59	11M	TGGGGAGGCCA	1	0.9090909090909091
5204	hsa-mir-93	2	11M	TGGGGGCACCA	1	0.9090909090909091
5204	hsa-mir-561	86	11M	TGGGGGCACCA	1	0.9090909090909091
5204	hsa-mir-3167	6	11M	TGGGGGCACCA	1	0.9090909090909091
5204	hsa-mir-6820	17	11M	TGGGGGCACCA	1	0.9090909090909091
5204	hsa-mir-9851	46	11M	TGGGGGCACCA	1	0.9090909090909091
5206	hsa-mir-193a	21	22M	TGGGTCTTTGCGGGCGAGATGA	1	1
5223	hsa-mir-4472-2	1	17M	TGGTGGGGGTGGGGGGG	1	0.9411764705882353
5232	hsa-mir-548d-1	47	14M	TGTAAAAGTAATGG	1	1
5233	hsa-mir-30d	6	22M	TGTAAACATCCCCGACTGGAAG	1	1
5234	hsa-mir-30d	6	23M	TGTAAACATCCCCGACTGGAAGA	1	0.9565217391304348
5235	hsa-mir-30d	6	24M	TGTAAACATCCCCGACTGGAAGCT	4	1
5236	hsa-mir-30c-2	7	23M	TGTAAACATCCTACACTCTCAGC	2	1
5236	hsa-mir-30c-1	17	23M	TGTAAACATCCTACACTCTCAGC	2	1
5237	hsa-mir-30c-2	7	24M	TGTAAACATCCTACACTCTCAGCT	7	1
5237	hsa-mir-30c-1	17	24M	TGTAAACATCCTACACTCTCAGCT	7	1
5238	hsa-mir-30a	6	21M	TGTAAACATCCTCGACTGGAA	1	1
5239	hsa-mir-30a	6	22M	TGTAAACATCCTCGACTGGAAG	11	1
5240	hsa-mir-30a	6	23M	TGTAAACATCCTCGACTGGAAGA	2	0.9565217391304348
5241	hsa-mir-30a	6	23M	TGTAAACATCCTCGACTGGAAGC	5	1
5242	hsa-mir-30a	6	24M	TGTAAACATCCTCGACTGGAAGCT	12	1
5243	hsa-mir-30e	17	24M	TGTAAACATCCTTGACTGGAAGCT	2	1
5245	hsa-mir-194-1	15	22M	TGTAACAGCAACTCCATGTGGA	1	1
5245	hsa-mir-194-2	15	22M	TGTAACAGCAACTCCATGTGGA	1	1
5246	hsa-mir-194-2	15	23M	TGTAACAGCAACTCCATGTGGAA	1	1
5253	hsa-mir-15b	18	5M1D6M	TGTAGAGCACA	1	0.9090909090909091
5267	hsa-mir-520a	38	11M	TGTCTGAGCGA	1	0.9090909090909091
5269	hsa-mir-767	38	11M	TGTCTGAGCGT	1	0.9090909090909091
5269	hsa-mir-4501	30	11M	TGTCTGAGCGT	1	0.9090909090909091
5283	hsa-mir-19b-1	54	22M	TGTGCAAATCCATGCAAAACTG	2	1
5283	hsa-mir-19b-2	62	22M	TGTGCAAATCCATGCAAAACTG	2	1
5284	hsa-mir-19b-1	54	23M	TGTGCAAATCCATGCAAAACTGA	4	1
5284	hsa-mir-19b-2	62	23M	TGTGCAAATCCATGCAAAACTGA	4	1
5296	hsa-mir-92a-1	33	12M	TGTGTGTCTGTA	1	0.9166666666666666
5296	hsa-mir-3650	5	12M	TGTGTGTCTGTA	1	0.9166666666666666
5296	hsa-mir-8485	18	12M	TGTGTGTCTGTA	1	0.9166666666666666
5303	hsa-mir-27a	49	21M	TGTTCACAGTGGCTAAGTTCC	1	1
5323	hsa-mir-10399	3	19M	TTACAGATTGTCTCAGAGA	1	1
5324	hsa-mir-10399	3	21M	TTACAGATTGTCTCAGAGAAA	1	1
5327	hsa-mir-582	16	23M	TTACAGTTGTTCAACCAGTTACT	3	1
5365	hsa-mir-548q	4	13M	TTAGGCTGGTGTA	1	0.9230769230769231
5374	hsa-mir-374a	12	23M	TTATAATACAACCTGATAAGTGT	1	1
5377	hsa-mir-142	68	11M	TTATGGAGGAG	1	0.9090909090909091
5377	hsa-mir-765	66	11M	TTATGGAGGAG	1	0.9090909090909091
5377	hsa-mir-6769a	12	11M	TTATGGAGGAG	1	0.9090909090909091
5386	hsa-mir-26a-1	10	21M	TTCAAGTAATCCAGGATAGGC	1	1
5386	hsa-mir-26a-2	14	21M	TTCAAGTAATCCAGGATAGGC	1	1
5387	hsa-mir-26a-1	10	22M	TTCAAGTAATCCAGGATAGGCT	7	1
5387	hsa-mir-26a-2	14	22M	TTCAAGTAATCCAGGATAGGCT	7	1
5388	hsa-mir-26a-1	10	23M	TTCAAGTAATCCAGGATAGGCTA	1	0.9565217391304348
5388	hsa-mir-26a-2	14	23M	TTCAAGTAATCCAGGATAGGCTA	1	0.9565217391304348
5389	hsa-mir-26b	12	22M	TTCAAGTAATTCAGGATAGGTT	1	1
5392	hsa-mir-27a	51	17M	TTCACAGTGGCTAAGTT	3	1
5392	hsa-mir-27b	61	17M	TTCACAGTGGCTAAGTT	3	1
5393	hsa-mir-27a	51	18M	TTCACAGTGGCTAAGTTA	1	0.9444444444444444
5393	hsa-mir-27b	61	18M	TTCACAGTGGCTAAGTTA	1	0.9444444444444444
5393	hsa-mir-9985	21	18M	TTCACAGTGGCTAAGTTA	1	0.9444444444444444
5394	hsa-mir-27a	51	19M	TTCACAGTGGCTAAGTTCC	2	1
5395	hsa-mir-27a	51	20M	TTCACAGTGGCTAAGTTCCG	40	1
5396	hsa-mir-27a	51	21M	TTCACAGTGGCTAAGTTCCGC	3	1
5397	hsa-mir-27a	51	22M	TTCACAGTGGCTAAGTTCCGCT	1	0.9545454545454546
5398	hsa-mir-27a	51	21M	TTCACAGTGGCTAAGTTCCGT	1	0.9523809523809523
5399	hsa-mir-27a	51	22M	TTCACAGTGGCTAAGTTCCGTT	2	0.9090909090909091
5401	hsa-mir-27a	51	20M	TTCACAGTGGCTAAGTTCCT	1	0.95
5403	hsa-mir-27b	61	19M	TTCACAGTGGCTAAGTTCT	2	1
5404	hsa-mir-27b	61	20M	TTCACAGTGGCTAAGTTCTG	1	1
5405	hsa-mir-27b	61	21M	TTCACAGTGGCTAAGTTCTGC	2	1
5406	hsa-mir-27b	61	22M	TTCACAGTGGCTAAGTTCTGCA	1	1
5407	hsa-mir-27b	61	22M	TTCACAGTGGCTAAGTTCTGCT	1	0.9545454545454546
5408	hsa-mir-27b	61	23M	TTCACAGTGGCTAAGTTCTGCTT	1	0.9130434782608695
5409	hsa-mir-27a	51	20M	TTCACAGTGGCTATGTTCCG	1	0.95
5410	hsa-mir-197	48	21M	TTCACCACCTTCTCCACCCAG	1	1
5448	hsa-mir-628	60	22M	TTCTAGTAAGAGTGGCAGTCGA	2	1
5456	hsa-mir-2053	41	14M	TTGAAGATGCAAAA	1	0.9285714285714286
5477	hsa-mir-30a	48	11M	TTGCAGTCGGA	1	0.9090909090909091
5477	hsa-mir-187	83	11M	TTGCAGTCGGA	1	0.9090909090909091
5477	hsa-mir-30e	60	11M	TTGCAGTCGGA	1	0.9090909090909091
5477	hsa-mir-6070	73	11M	TTGCAGTCGGA	1	0.9090909090909091
5491	hsa-mir-4443	9	12M	TTGGAGGCGTGG	1	1
5492	hsa-mir-6839	65	11M	TTGGATGCGAG	1	0.9090909090909091
5503	hsa-mir-615	56	11M	TTGGGTCCGAG	4	0.9090909090909091
5503	hsa-mir-6839	65	11M	TTGGGTCCGAG	4	0.9090909090909091
5504	hsa-mir-6839	65	11M	TTGGGTGCGAG	2	1
5509	hsa-mir-4463	10	13M	TTGGTTACCACCT	1	0.9230769230769231
5510	hsa-mir-325	10	11M	TTGGTTCCGAG	1	0.9090909090909091
5513	hsa-mir-218-1	44	11M	TTGGTTGCGAG	1	0.9090909090909091
5513	hsa-mir-6839	65	11M	TTGGTTGCGAG	1	0.9090909090909091
5536	hsa-mir-651	16	20M	TTTAGGATAAGCTTGACTTT	1	1
5537	hsa-mir-651	16	21M	TTTAGGATAAGCTTGACTTTT	1	1
5542	hsa-mir-30e	60	21M	TTTCAGTCGGATGTTTACAGC	1	1
5543	hsa-mir-30a	48	20M	TTTCAGTCGGATGTTTGCAG	1	1
5544	hsa-mir-30a	48	21M	TTTCAGTCGGATGTTTGCAGC	1	1
5545	hsa-mir-30a	48	22M	TTTCAGTCGGATGTTTGCAGCA	1	0.9545454545454546
5546	hsa-mir-30a	48	22M	TTTCAGTCGGATGTTTGCAGCC	1	0.9545454545454546
5547	hsa-mir-30a	48	22M	TTTCAGTCGGATGTTTGCAGCT	1	1
5548	hsa-mir-30a	48	21M	TTTCAGTCGGATGTTTGCAGT	1	0.9523809523809523
5596	hsa-mir-182	23	24M	TTTGGCAATGGTAGAAATAACACT	1	0.9166666666666666
5597	hsa-mir-182	23	22M	TTTGGCAATGGTAGAACTCACA	1	1
5598	hsa-mir-182	23	24M	TTTGGCAATGGTAGAACTCACACT	3	1
5599	hsa-mir-182	23	25M	TTTGGCAATGGTAGAACTCACACTG	2	1
5600	hsa-mir-182	23	26M	TTTGGCAATGGTAGAACTCACACTGG	1	1
5601	hsa-mir-182	23	26M	TTTGGCAATGTTAGAACTCACACTGG	1	0.9615384615384616
5603	hsa-mir-6839	64	12M	TTTGGGTGCGAG	1	0.9166666666666666
5632	hsa-mir-450b	11	21M	TTTTGCAATATGTTCCTGAAT	1	1
5633	hsa-mir-450a-1	18	21M	TTTTGCGATGTGTTCCTAATA	4	1
5633	hsa-mir-450a-2	23	21M	TTTTGCGATGTGTTCCTAATA	4	1
5634	hsa-mir-450a-1	18	22M	TTTTGCGATGTGTTCCTAATAT	1	1
5634	hsa-mir-450a-2	23	22M	TTTTGCGATGTGTTCCTAATAT	1	1
